symbol,date,ret,benchmark_ret,excess_ret
KO,2016-05-31,-0.009997437423259403,0.022336878899942403,-0.03233431632320181
KO,2016-06-30,0.022078483602787347,9.105066031534965e-4,0.02116797699963385
KO,2016-07-29,-0.03552000625933881,0.03499043269105408,-0.07051043895039288
KO,2016-08-31,-0.0037545441865736327,-0.0012199867803522136,-0.002534557406221419
KO,2016-09-30,-0.018330459020444494,-0.0012352137017536324,-0.01709524531869086
KO,2016-10-31,0.004617540874295864,-0.019616837043472765,0.02423437791776863
KO,2016-11-30,-0.03726089355474507,0.033603545044434316,-0.07086443859917939
KO,2016-12-30,0.022415787632003123,0.01803711129927909,0.004378676332724034
KO,2017-01-31,0.0014610742420681805,0.017726314621062854,-0.016265240378994673
KO,2017-02-28,0.008249216014871453,0.03652300073827695,-0.0282737847234055
KO,2017-03-31,0.01977013598541981,-3.8927289213133893e-4,0.02015940887755115
KO,2017-04-28,0.01493123554028571,0.0090501324781982,0.005881103062087509
KO,2017-05-31,0.0494993176708489,0.011509759110980618,0.03798955855986828
KO,2017-06-30,-0.005685415874014292,0.004802226040503879,-0.01048764191451817
KO,2017-07-31,0.023285261908054907,0.01916401754710087,0.004121244360954037
KO,2017-08-31,-0.007921853233498855,5.462837796946754e-4,-0.00846813701319353
KO,2017-09-29,-0.005637908985035132,0.01911903935235539,-0.02475694833739052
KO,2017-10-31,0.021730977971506502,0.021945560031841664,-2.1458206033516183e-4
KO,2017-11-30,0.0016828214169465662,0.02769554104663445,-0.026012719629687885
KO,2017-12-29,4.691101632532755e-4,0.009783614574871227,-0.009314504411617951
KO,2018-01-31,0.03676261467216934,0.05465739835832858,-0.017894783686159238
KO,2018-02-28,-0.09488926998919985,-0.0397261075980839,-0.05516316239111595
KO,2018-03-29,0.011703004830360372,-0.02725249736693992,0.03895550219730029
KO,2018-04-30,-0.0041534453168416575,0.002715085811824473,-0.0068685311286661305
KO,2018-05-31,-0.006244510010733703,0.021378191183066175,-0.02762270119379988
KO,2018-06-29,0.03014718673690272,0.004830749386570285,0.025316437350332434
KO,2018-07-31,0.060603791477480566,0.035387950737524286,0.02521584073995628
KO,2018-08-31,-0.047286971363935795,0.029814314524382428,-0.07710128588831822
KO,2018-09-28,0.04360033892393726,0.004285093286333627,0.039315245637603635
KO,2018-10-31,0.0322588818739751,-0.07192934595429683,0.10418822782827192
KO,2018-11-30,0.05708982833265763,0.017701752056117587,0.03938807627654005
KO,2018-12-31,-0.05857577457274681,-0.09626521985789901,0.0376894452851522
KO,2019-01-31,0.01604445284558778,0.07574215198675599,-0.05969769914116821
KO,2019-02-28,-0.05905665907819167,0.029295553365402384,-0.08835221244359406
KO,2019-03-29,0.039595439728239326,0.017765510890228747,0.02182992883801058
KO,2019-04-30,0.04658235722275088,0.03856039741757082,0.008021959805180057
KO,2019-05-31,8.751933813042357e-4,-0.06804089408287398,0.06891608746417821
KO,2019-06-28,0.04278727933562062,0.06665830156302614,-0.023871022227405524
KO,2019-07-31,0.03188914255665846,0.01304272483370528,0.018846417722953177
KO,2019-08-30,0.04279145870933737,-0.018257281743262237,0.06104874045259961
KO,2019-09-30,-0.004437567502260685,0.01703525059107193,-0.021472818093332614
KO,2019-10-31,6.445657783367061e-4,0.020225842153317446,-0.01958127637498074
KO,2019-11-29,-0.011836203502518619,0.033480266071378155,-0.045316469573896775
KO,2019-12-31,0.03723915500788873,0.028188756298542148,0.00905039870934658
KO,2020-01-31,0.05225069508632546,-0.0016294196024425806,0.05388011468876804
KO,2020-02-28,-0.08750711534125918,-0.08785953690838776,3.5242156712857187e-4
KO,2020-03-31,-0.1802554859923424,-0.1336677246703745,-0.0465877613219679
KO,2020-04-30,0.035221770705920884,0.11942083876017671,-0.08419906805425584
KO,2020-05-29,0.017742099662189696,0.04428653294909693,-0.026544433286907233
KO,2020-06-30,-0.032106661551169716,0.018221374356719156,-0.05032803590788887
KO,2020-07-31,0.05938399908221753,0.053636801634505855,0.005747197447711676
KO,2020-08-31,0.04579196080836847,0.06771908300435733,-0.021927122195988864
KO,2020-09-30,0.0025452414646020454,-0.04001811998317809,0.04256336144778014
KO,2020-10-30,-0.027635749315313242,-0.028055692285554126,4.199429702408837e-4
KO,2020-11-30,0.07892956476629412,0.10214642790660017,-0.02321686314030605
KO,2020-12-31,0.0605398835977622,0.03644904784059159,0.02409083575717061
KO,2021-01-29,-0.1282384829805961,-0.0111991376508885,-0.11703934532970758
KO,2021-02-26,0.02047328493128063,0.02575687667253664,-0.005283591741256009
KO,2021-03-31,0.08124039857048251,0.041562807282546625,0.03967759128793589
KO,2021-04-30,0.027044729212690532,0.05109733046805641,-0.024052601255365878
KO,2021-05-28,0.027114050504382422,0.00547149271672327,0.021642557787659153
KO,2021-06-30,-0.012776512696700139,0.021970872566122474,-0.034747385262822617
KO,2021-07-30,0.054264905652664945,0.022493175922251307,0.03177172973041364
KO,2021-08-31,-0.013426190960160768,0.028578143159792575,-0.04200433411995334
KO,2021-09-30,-0.06207739854238298,-0.04873779278283316,-0.013339605759549816
KO,2021-10-29,0.06773892336525442,0.0668581752839893,8.807480812651203e-4
KO,2021-11-30,-0.06322676719740478,-0.008368625655205266,-0.05485814154219951
KO,2021-12-31,0.12035598623280204,0.04268864816139665,0.07766733807140538
KO,2022-01-31,0.028416864440577748,-0.05401822999928342,0.08243509443986116
KO,2022-02-28,0.019950103339396494,-0.03186276102171146,0.051812864361107956
KO,2022-03-31,0.004854851848584975,0.035148286271522736,-0.030293434422937762
KO,2022-04-29,0.04060748620447735,-0.09206782490742232,0.13267531111189967
KO,2022-05-31,-0.020724686039438757,5.3176290760624664e-5,-0.020777862330199383
KO,2022-06-30,0.0018485080535380848,-0.08765158180481791,0.089500089858356
KO,2022-07-29,0.019013406343502553,0.08720138468971587,-0.06818797834621332
KO,2022-08-31,-0.04378821365241524,-0.04336703066340545,-4.2118298900978984e-4
KO,2022-09-30,-0.08991955192247966,-0.09804916662099257,0.008129614698512908
KO,2022-10-31,0.06584354775050916,0.07683456446885563,-0.010991016718346472
KO,2022-11-30,0.06798041695357654,0.05235797609764905,0.01562244085592749
KO,2022-12-30,0.004249437423579585,-0.060781825376668173,0.06503126280024776
KO,2023-01-31,-0.03420593915308992,0.05992118183434968,-0.0941271209874396
KO,2023-02-28,-0.0334808390839293,-0.02645947885979313,-0.007021360224136169
KO,2023-03-31,0.052606167454299683,0.03445129269826359,0.018154874756036096
KO,2023-04-28,0.03263714761229077,0.0145361776495622,0.018100969962728572
KO,2023-05-31,-0.07154441318974579,0.0024792714332724764,-0.07402368462301827
KO,2023-06-30,0.01420291987328153,0.06271886491464175,-0.04851594504136022
KO,2023-07-31,0.026664764409665597,0.03066395090770391,-0.003999186498038314
KO,2023-08-31,-0.03760417068062302,-0.017875203842993896,-0.019728966837629126
KO,2023-09-29,-0.05681130741510036,-0.04994616792328207,-0.006865139491818294
KO,2023-10-31,0.0038105635595101226,-0.022224841001403373,0.026035404560913494
KO,2023-11-30,0.040683810475095915,0.0854244482007529,-0.044740637725656986
KO,2023-12-29,0.009695015219774002,0.04327903543160833,-0.033584020211834334
KO,2024-01-31,0.006845328419367555,0.015770693886425723,-0.008925365467058168
KO,2024-02-29,0.00877428211413056,0.050427528312771974,-0.041653246198641414
KO,2024-03-28,0.02482149743965105,0.03054742011174303,-0.005725922672091981
KO,2024-04-30,0.008542149960934785,-0.04250577768147858,0.051047927642413365
KO,2024-05-31,0.016446588892195014,0.04690380530435967,-0.030457216412164655
KO,2024-06-28,0.017629017984065354,0.03408234323888226,-0.01645332525481691
KO,2024-07-31,0.04973907603366336,0.011257710402409889,0.03848136563125347
KO,2024-08-30,0.07860971088099342,0.022577897117514727,0.05603181376347869
KO,2024-09-30,-0.0026397040322996765,0.019995632287754545,-0.02263533632005422
KO,2024-10-31,-0.09491094388550056,-0.009946041598550177,-0.08496490228695039
KO,2024-11-29,-0.011553910518238172,0.05571971402949727,-0.06727362454773544
KO,2024-12-31,-0.028199109660341518,-0.02530769218774562,-0.0028914174725958967
KO,2025-01-31,0.019144730844067377,0.02665780641966916,-0.0075130755756017825
KO,2025-02-28,0.11815883621558176,-0.014344484648483261,0.13250332086406502
KO,2025-03-31,0.014910383988146314,-0.059266785380176656,0.07417716936832297
KO,2025-04-30,0.016162819165848618,-0.007654161847847312,0.02381698101369593
KO,2025-05-30,-0.009269105507771873,0.05970544763775343,-0.06897455314552531
KO,2025-06-30,-0.014152869209909165,0.048415655447618985,-0.06256852465752816
KO,2025-07-31,-0.04011738801089109,0.021435178792465086,-0.061552566803356176
KO,2025-08-29,0.016245398698705598,0.018886957507385716,-0.002641558808680118
KO,2025-09-30,-0.033283575796686615,0.03471411909808157,-0.06799769489476819
KO,2025-10-31,0.037857546565372456,0.022433352045496773,0.015424194519875683
KO,2025-11-28,0.06031359700897011,0.001298774393957997,0.05901482261501212
KO,2025-12-31,-0.03635233218197693,-5.242718289754783e-4,-0.03582806035300145
KO,2026-01-30,0.06561203996393349,0.013570462244289077,0.052041577719644405
KO,2026-02-27,0.0845814922960491,-0.008706133376068959,0.09328762567211805
KO,2026-03-31,-0.0629049751151279,-0.05227555661610112,-0.010629418499026773
KO,2026-04-30,0.03331752248931654,0.0991513257212326,-0.06583380323191607
KO,2026-05-04,-0.00812595751999119,-0.0011464128013194159,-0.006979544718671775
BND,2016-05-31,-0.0012312430079022487,0.022336878899942403,-0.02356812190784465
BND,2016-06-30,0.01873026684184082,9.105066031534965e-4,0.017819760238687324
BND,2016-07-29,0.007890473235485772,0.03499043269105408,-0.027099959455568305
BND,2016-08-31,-0.0056249477663464255,-0.0012199867803522136,-0.004404960985994212
BND,2016-09-30,0.002851003470275371,-0.0012352137017536324,0.0040862171720290035
BND,2016-10-31,-0.0035286679568625494,-0.019616837043472765,0.016088169086610215
BND,2016-11-30,-0.027858670377926196,0.033603545044434316,-0.06146221542236051
BND,2016-12-30,0.003341424148209077,0.01803711129927909,-0.014695687151070013
BND,2017-01-31,0.002012777008431317,0.017726314621062854,-0.015713537612631535
BND,2017-02-28,0.007372383942461976,0.03652300073827695,-0.029150616795814977
BND,2017-03-31,0.0011855752740088043,-3.8927289213133893e-4,0.001574848166140143
BND,2017-04-28,0.007090487463184515,0.0090501324781982,-0.001959645015013685
BND,2017-05-31,0.007200176299323938,0.011509759110980618,-0.00430958281165668
BND,2017-06-30,0.002385115904835083,0.004802226040503879,-0.0024171101356687957
BND,2017-07-31,0.008053815157667368,0.01916401754710087,-0.011110202389433502
BND,2017-08-31,0.010326557273241655,5.462837796946754e-4,0.00978027349354698
BND,2017-09-29,-0.006438856853448912,0.01911903935235539,-0.0255578962058043
BND,2017-10-31,8.200382391474393e-4,0.021945560031841664,-0.021125521792694224
BND,2017-11-30,-4.5194101839598816e-4,0.02769554104663445,-0.028147482065030437
BND,2017-12-29,0.007282066505292607,0.009783614574871227,-0.00250154806957862
BND,2018-01-31,-0.01202454573391684,0.05465739835832858,-0.06668194409224541
BND,2018-02-28,-0.012520550572875015,-0.0397261075980839,0.027205557025208882
BND,2018-03-29,0.005232397089844771,-0.02725249736693992,0.032484894456784694
BND,2018-04-30,-0.008317767560981695,0.002715085811824473,-0.011032853372806168
BND,2018-05-31,0.003935585152027103,0.021378191183066175,-0.017442606031039073
BND,2018-06-29,0.001719315124199418,0.004830749386570285,-0.003111434262370867
BND,2018-07-31,4.58858055773524e-4,0.035387950737524286,-0.03492909268175076
BND,2018-08-31,0.0071459293449409435,0.029814314524382428,-0.022668385179441485
BND,2018-09-28,-0.00245997289307305,0.004285093286333627,-0.006745066179406677
BND,2018-10-31,-0.01108694226441312,-0.07192934595429683,0.06084240368988371
BND,2018-11-30,0.0031762696945666375,0.017701752056117587,-0.01452548236155095
BND,2018-12-31,0.02156726119027949,-0.09626521985789901,0.1178324810481785
BND,2019-01-31,0.014084622686628455,0.07574215198675599,-0.061657529300127537
BND,2019-02-28,0.0026087284206301065,0.029295553365402384,-0.02668682494477228
BND,2019-03-29,0.016406359130757858,0.017765510890228747,-0.0013591517594708884
BND,2019-04-30,-0.001168794668945442,0.03856039741757082,-0.03972919208651626
BND,2019-05-31,0.01642287642190344,-0.06804089408287398,0.08446377050477741
BND,2019-06-28,0.01107244682802318,0.06665830156302614,-0.055585854735002965
BND,2019-07-31,0.0013766272086520547,0.01304272483370528,-0.011666097625053226
BND,2019-08-30,0.02964050635022431,-0.018257281743262237,0.04789778809348655
BND,2019-09-30,-0.005482621799621137,0.01703525059107193,-0.022517872390693066
BND,2019-10-31,0.0016150898946240813,0.020225842153317446,-0.018610752258693367
BND,2019-11-29,4.598368949134318e-4,0.033480266071378155,-0.03302042917646472
BND,2019-12-31,-0.0010791702902531917,0.028188756298542148,-0.02926792658879534
BND,2020-01-31,0.021430844961869124,-0.0016294196024425806,0.023060264564311705
BND,2020-02-28,0.013433627331994928,-0.08785953690838776,0.10129316424038268
BND,2020-03-31,-0.012499788754034173,-0.1336677246703745,0.12116793591634031
BND,2020-04-30,0.030471934267020294,0.11942083876017671,-0.08894890449315643
BND,2020-05-29,0.00890166140609021,0.04428653294909693,-0.03538487154300672
BND,2020-06-30,0.005725471203144749,0.018221374356719156,-0.012495903153574408
BND,2020-07-31,0.011887992486489777,0.053636801634505855,-0.041748809148016076
BND,2020-08-31,-0.01072420297526084,0.06771908300435733,-0.07844328597961817
BND,2020-09-30,0.0013377179085834318,-0.04001811998317809,0.041355837891761525
BND,2020-10-30,-0.00826185551578254,-0.028055692285554126,0.019793836769771585
BND,2020-11-30,0.013618095439161957,0.10214642790660017,-0.08852833246743821
BND,2020-12-31,-1.619232731327946e-4,0.03644904784059159,-0.03661097111372438
BND,2021-01-29,-0.009144596279172593,-0.0111991376508885,0.002054541371715908
BND,2021-02-26,-0.015064911244026735,0.02575687667253664,-0.04082178791656337
BND,2021-03-31,-0.014036297923581506,0.041562807282546625,-0.05559910520612813
BND,2021-04-30,0.010492500344995603,0.05109733046805641,-0.040604830123060806
BND,2021-05-28,0.001448854291956693,0.00547149271672327,-0.004022638424766576
BND,2021-06-30,0.011725200166166082,0.021970872566122474,-0.010245672399956392
BND,2021-07-30,0.016360975208957594,0.022493175922251307,-0.006132200713293713
BND,2021-08-31,-0.005229342994038386,0.028578143159792575,-0.03380748615383096
BND,2021-09-30,-0.007399702894975589,-0.04873779278283316,0.041338089887857574
BND,2021-10-29,0.0021415443301616133,0.0668581752839893,-0.06471663095382768
BND,2021-11-30,0.0016764767901725642,-0.008368625655205266,0.01004510244537783
BND,2021-12-31,-0.004753681824862237,0.04268864816139665,-0.047442329986258885
BND,2022-01-31,-0.016415886424676805,-0.05401822999928342,0.037602343574606616
BND,2022-02-28,-0.010897628336834265,-0.03186276102171146,0.020965132684877198
BND,2022-03-31,-0.023787904450213636,0.035148286271522736,-0.05893619072173637
BND,2022-04-29,-0.04191853701050322,-0.09206782490742232,0.0501492878969191
BND,2022-05-31,0.009696450532301434,5.3176290760624664e-5,0.00964327424154081
BND,2022-06-30,-0.012539141141922193,-0.08765158180481791,0.07511244066289571
BND,2022-07-29,0.024258592146582162,0.08720138468971587,-0.06294279254313372
BND,2022-08-31,-0.02881414199795926,-0.04336703066340545,0.014552888665446191
BND,2022-09-30,-0.04432655921210163,-0.09804916662099257,0.05372260740889094
BND,2022-10-31,-0.012047116656594378,0.07683456446885563,-0.08888168112545
BND,2022-11-30,0.03481925690313088,0.05235797609764905,-0.017538719194518167
BND,2022-12-30,-0.007082340960575365,-0.060781825376668173,0.053699484416092805
BND,2023-01-31,0.03139320142018666,0.05992118183434968,-0.028527980414163018
BND,2023-02-28,-0.02587181108452105,-0.02645947885979313,5.876677752720792e-4
BND,2023-03-31,0.027778558094534084,0.03445129269826359,-0.0066727346037295035
BND,2023-04-28,0.006264596863515977,0.0145361776495622,-0.008271580786046222
BND,2023-05-31,-0.01108206666416708,0.0024792714332724764,-0.013561338097439557
BND,2023-06-30,-0.0016260796376455374,0.06271886491464175,-0.06434494455228729
BND,2023-07-31,5.247150298622147e-4,0.03066395090770391,-0.030139235877841695
BND,2023-08-31,-0.007723703726111789,-0.017875203842993896,0.010151500116882107
BND,2023-09-29,-0.024334272860730196,-0.04994616792328207,0.025611895062551873
BND,2023-10-31,-0.015654717994042958,-0.022224841001403373,0.006570123007360415
BND,2023-11-30,0.04233990489329246,0.0854244482007529,-0.04308454330746044
BND,2023-12-29,0.03300893251726833,0.04327903543160833,-0.010270102914340003
BND,2024-01-31,-8.571590300347504e-5,0.015770693886425723,-0.015856409789429197
BND,2024-02-29,-0.01102518996985028,0.050427528312771974,-0.061452718282622255
BND,2024-03-28,0.004877935421079908,0.03054742011174303,-0.025669484690663123
BND,2024-04-30,-0.022924965284204422,-0.04250577768147858,0.01958081239727416
BND,2024-05-31,0.017154736107331685,0.04690380530435967,-0.029749069197027984
BND,2024-06-28,0.010887771933537287,0.03408234323888226,-0.023194571305344976
BND,2024-07-31,0.02694440182741168,0.011257710402409889,0.015686691425001793
BND,2024-08-30,0.012113060011378868,0.022577897117514727,-0.010464837106135858
BND,2024-09-30,0.01627273811926035,0.019995632287754545,-0.003722894168494195
BND,2024-10-31,-0.02152630509753636,-0.009946041598550177,-0.011580263498986183
BND,2024-11-29,0.009739467528195784,0.05571971402949727,-0.04598024650130149
BND,2024-12-31,-0.017030820793279545,-0.02530769218774562,0.008276871394466076
BND,2025-01-31,0.0024165596704959504,0.02665780641966916,-0.02424124674917321
BND,2025-02-28,0.02166156998137872,-0.014344484648483261,0.03600605462986198
BND,2025-03-31,-0.004218980928311043,-0.059266785380176656,0.05504780445186561
BND,2025-04-30,0.004192449356492989,-0.007654161847847312,0.011846611204340302
BND,2025-05-30,-0.007132773690107363,0.05970544763775343,-0.0668382213278608
BND,2025-06-30,0.015200295265030164,0.048415655447618985,-0.03321536018258882
BND,2025-07-31,-0.002603870739861942,0.021435178792465086,-0.02403904953232703
BND,2025-08-29,0.011170606853320199,0.018886957507385716,-0.007716350654065517
BND,2025-09-30,0.007804732037977373,0.03471411909808157,-0.0269093870601042
BND,2025-10-31,0.0030510730405266407,0.022433352045496773,-0.01938227900497013
BND,2025-11-28,0.006220121721112165,0.001298774393957997,0.004921347327154168
BND,2025-12-31,-0.0022246492579957493,-5.242718289754783e-4,-0.001700377429020271
BND,2026-01-30,0.003388141273661431,0.013570462244289077,-0.010182320970627646
BND,2026-02-27,0.017932342874815838,-0.008706133376068959,0.026638476250884797
BND,2026-03-31,-0.017003781042200676,-0.05227555661610112,0.035271775573900446
BND,2026-04-30,-0.001579736969396,0.0991513257212326,-0.1007310626906286
BND,2026-05-04,-0.003055363787830433,-0.0011464128013194159,-0.0019089509865110172
QQQ,2016-05-31,0.04832413936017673,0.022336878899942403,0.025987260460234328
QQQ,2016-06-30,-0.02447885249682813,9.105066031534965e-4,-0.025389359099981627
QQQ,2016-07-29,0.07401767025091516,0.03499043269105408,0.03902723755986108
QQQ,2016-08-31,0.009144001917172594,-0.0012199867803522136,0.010363988697524806
QQQ,2016-09-30,0.025839747858648822,-0.0012352137017536324,0.027074961560402455
QQQ,2016-10-31,-0.015172925392474505,-0.019616837043472765,0.0044439116509982605
QQQ,2016-11-30,0.004374806109316497,0.033603545044434316,-0.02922873893511782
QQQ,2016-12-30,0.015177542875239494,0.01803711129927909,-0.002859568424039595
QQQ,2017-01-31,0.05045379500914175,0.017726314621062854,0.0327274803880789
QQQ,2017-02-28,0.04187804673110016,0.03652300073827695,0.005355045992823208
QQQ,2017-03-31,0.02083494678159757,-3.8927289213133893e-4,0.021224219673728912
QQQ,2017-04-28,0.026610108664810832,0.0090501324781982,0.017559976186612633
QQQ,2017-05-31,0.038983779397907835,0.011509759110980618,0.027474020286927216
QQQ,2017-06-30,-0.023542529769423223,0.004802226040503879,-0.0283447558099271
QQQ,2017-07-31,0.0414334598585405,0.01916401754710087,0.02226944231143963
QQQ,2017-08-31,0.022530042308689317,5.462837796946754e-4,0.021983758528994642
QQQ,2017-09-29,-5.587456471074898e-4,0.01911903935235539,-0.019677784999462877
QQQ,2017-10-31,0.040709569248418905,0.021945560031841664,0.01876400921657724
QQQ,2017-11-30,0.016531863191609073,0.02769554104663445,-0.011163677855025377
QQQ,2017-12-29,0.006030813238962691,0.009783614574871227,-0.0037528013359085354
QQQ,2018-01-31,0.08603594396019192,0.05465739835832858,0.03137854560186334
QQQ,2018-02-28,-0.013159682083828434,-0.0397261075980839,0.026566425514255462
QQQ,2018-03-29,-0.04443307313980576,-0.02725249736693992,-0.01718057577286584
QQQ,2018-04-30,0.0045201673460905775,0.002715085811824473,0.0018050815342661045
QQQ,2018-05-31,0.054640372446788585,0.021378191183066175,0.03326218126372241
QQQ,2018-06-29,0.011499109746224874,0.004830749386570285,0.006668360359654589
QQQ,2018-07-31,0.028408933167107766,0.035387950737524286,-0.00697901757041652
QQQ,2018-08-31,0.05366417561601424,0.029814314524382428,0.023849861091631813
QQQ,2018-09-28,-0.005096645142102896,0.004285093286333627,-0.009381738428436523
QQQ,2018-10-31,-0.09047255482873628,-0.07192934595429683,-0.018543208874439457
QQQ,2018-11-30,-2.3598300263713177e-4,0.017701752056117587,-0.01793773505875472
QQQ,2018-12-31,-0.09077082924994882,-0.09626521985789901,0.005494390607950192
QQQ,2019-01-31,0.08604996614220636,0.07574215198675599,0.010307814155450373
QQQ,2019-02-28,0.028099328161038623,0.029295553365402384,-0.0011962252043637607
QQQ,2019-03-29,0.037831795565633396,0.017765510890228747,0.02006628467540465
QQQ,2019-04-30,0.05375809879186156,0.03856039741757082,0.015197701374290738
QQQ,2019-05-31,-0.08535492594678568,-0.06804089408287398,-0.0173140318639117
QQQ,2019-06-28,0.07203739335542564,0.06665830156302614,0.005379091792399496
QQQ,2019-07-31,0.01978229662609456,0.01304272483370528,0.006739571792389279
QQQ,2019-08-30,-0.02072668645602503,-0.018257281743262237,-0.0024694047127627947
QQQ,2019-09-30,0.005086783831223023,0.01703525059107193,-0.011948466759848907
QQQ,2019-10-31,0.04061222464497049,0.020225842153317446,0.020386382491653043
QQQ,2019-11-29,0.039224584059993614,0.033480266071378155,0.005744317988615459
QQQ,2019-12-31,0.03792147753958756,0.028188756298542148,0.009732721241045409
QQQ,2020-01-31,0.029930014933651387,-0.0016294196024425806,0.031559434536093965
QQQ,2020-02-28,-0.06396755247906452,-0.08785953690838776,0.023891984429323235
QQQ,2020-03-31,-0.08034546314897997,-0.1336677246703745,0.05332226152139452
QQQ,2020-04-30,0.13937109264208156,0.11942083876017671,0.019950253881904842
QQQ,2020-05-29,0.06972377131471931,0.04428653294909693,0.02543723836562238
QQQ,2020-06-30,0.05863286389642943,0.018221374356719156,0.04041148953971027
QQQ,2020-07-31,0.06906165189690176,0.053636801634505855,0.015424850262395907
QQQ,2020-08-31,0.10823538129731593,0.06771908300435733,0.040516298292958594
QQQ,2020-09-30,-0.061683504734788626,-0.04001811998317809,-0.021665384751610534
QQQ,2020-10-30,-0.030160968496893818,-0.028055692285554126,-0.002105276211339692
QQQ,2020-11-30,0.10659315101041227,0.10214642790660017,0.0044467231038120975
QQQ,2020-12-31,0.04625725114895421,0.03644904784059159,0.009808203308362622
QQQ,2021-01-29,-5.872594774606701e-4,-0.0111991376508885,0.010611878173427831
QQQ,2021-02-26,-0.005906515165095556,0.02575687667253664,-0.0316633918376322
QQQ,2021-03-31,0.016540859448399538,0.041562807282546625,-0.025021947834147087
QQQ,2021-04-30,0.058521860661171474,0.05109733046805641,0.007424530193115064
QQQ,2021-05-28,-0.009921180783573649,0.00547149271672327,-0.015392673500296918
QQQ,2021-06-30,0.058259244753508334,0.021970872566122474,0.036288372187385856
QQQ,2021-07-30,0.030129079497878318,0.022493175922251307,0.007635903575627011
QQQ,2021-08-31,0.04012684750189418,0.028578143159792575,0.011548704342101604
QQQ,2021-09-30,-0.057431221332042,-0.04873779278283316,-0.008693428549208841
QQQ,2021-10-29,0.07667110499409606,0.0668581752839893,0.009812929710106763
QQQ,2021-11-30,0.02158585392990397,-0.008368625655205266,0.029954479585109235
QQQ,2021-12-31,0.010028951435334455,0.04268864816139665,-0.03265969672606219
QQQ,2022-01-31,-0.09176561600535017,-0.05401822999928342,-0.03774738600606675
QQQ,2022-02-28,-0.04750739890953161,-0.03186276102171146,-0.015644637887820147
QQQ,2022-03-31,0.044594857713705346,0.035148286271522736,0.00944657144218261
QQQ,2022-04-29,-0.14678613395439136,-0.09206782490742232,-0.05471830904696903
QQQ,2022-05-31,-0.013730294705314375,5.3176290760624664e-5,-0.013783470996075
QQQ,2022-06-30,-0.09343522763272731,-0.08765158180481791,-0.005783645827909398
QQQ,2022-07-29,0.12181143870106882,0.08720138468971587,0.03461005401135295
QQQ,2022-08-31,-0.054104850377617766,-0.04336703066340545,-0.010737819714212317
QQQ,2022-09-30,-0.11018989724400625,-0.09804916662099257,-0.012140730623013685
QQQ,2022-10-31,0.037484404321971025,0.07683456446885563,-0.039350160146884604
QQQ,2022-11-30,0.0548705146901484,0.05235797609764905,0.00251253859249935
QQQ,2022-12-30,-0.09678029129912477,-0.060781825376668173,-0.0359984659224566
QQQ,2023-01-31,0.099610758484059,0.05992118183434968,0.03968957664970932
QQQ,2023-02-28,-0.004786476693669371,-0.02645947885979313,0.02167300216612376
QQQ,2023-03-31,0.08486774404865007,0.03445129269826359,0.05041645135038648
QQQ,2023-04-28,0.007413101806425347,0.0145361776495622,-0.007123075843136853
QQQ,2023-05-31,0.0741846109373813,0.0024792714332724764,0.07170533950410882
QQQ,2023-06-30,0.06114568847358847,0.06271886491464175,-0.0015731764410532798
QQQ,2023-07-31,0.03597141227074174,0.03066395090770391,0.005307461363037832
QQQ,2023-08-31,-0.014367602286643927,-0.017875203842993896,0.0035076015563499686
QQQ,2023-09-29,-0.05404234425219362,-0.04994616792328207,-0.004096176328911551
QQQ,2023-10-31,-0.019905269406827582,-0.022224841001403373,0.002319571594575791
QQQ,2023-11-30,0.1056658743022703,0.0854244482007529,0.0202414261015174
QQQ,2023-12-29,0.053213905189889256,0.04327903543160833,0.009934869758280923
QQQ,2024-01-31,0.019506084948128406,0.015770693886425723,0.0037353910617026823
QQQ,2024-02-29,0.053722678666385706,0.050427528312771974,0.003295150353613732
QQQ,2024-03-28,0.012954942359817936,0.03054742011174303,-0.017592477751925094
QQQ,2024-04-30,-0.04485680399998707,-0.04250577768147858,-0.0023510263185084895
QQQ,2024-05-31,0.057052356299209815,0.04690380530435967,0.010148550994850146
QQQ,2024-06-28,0.062119109337899193,0.03408234323888226,0.02803676609901693
QQQ,2024-07-31,-0.013702350483151295,0.011257710402409889,-0.024960060885561186
QQQ,2024-08-30,0.012019981419786404,0.022577897117514727,-0.010557915697728322
QQQ,2024-09-30,0.02647189005171287,0.019995632287754545,0.006476257763958326
QQQ,2024-10-31,-0.010082921604849722,-0.009946041598550177,-1.368800062995449e-4
QQQ,2024-11-29,0.05235446830170363,0.05571971402949727,-0.0033652457277936407
QQQ,2024-12-31,0.006573140114621444,-0.02530769218774562,0.03188083230236707
QQQ,2025-01-31,0.02683218033717568,0.02665780641966916,1.7437391750652065e-4
QQQ,2025-02-28,-0.025123507116463363,-0.014344484648483261,-0.010779022467980102
QQQ,2025-03-31,-0.07601174665439751,-0.059266785380176656,-0.016744961274220857
QQQ,2025-04-30,0.01224475827388313,-0.007654161847847312,0.019898920121730442
QQQ,2025-05-30,0.08901201597726079,0.05970544763775343,0.029306568339507358
QQQ,2025-06-30,0.06160076653100406,0.048415655447618985,0.013185111083385076
QQQ,2025-07-31,0.021275101274094682,0.021435178792465086,-1.6007751837040368e-4
QQQ,2025-08-29,0.009470839644783336,0.018886957507385716,-0.00941611786260238
QQQ,2025-09-30,0.052829935845168645,0.03471411909808157,0.018115816747087073
QQQ,2025-10-31,0.04532767865157115,0.022433352045496773,0.022894326606074374
QQQ,2025-11-28,-0.01743575475195699,0.001298774393957997,-0.018734529145914988
QQQ,2025-12-31,-0.00794360032572463,-5.242718289754783e-4,-0.007419328496749152
QQQ,2026-01-30,0.009725830185521039,0.013570462244289077,-0.003844632058768038
QQQ,2026-02-27,-0.024859889742452894,-0.008706133376068959,-0.016153756366383935
QQQ,2026-03-31,-0.047199425899061204,-0.05227555661610112,0.005076130717039919
QQQ,2026-04-30,0.14488462306775451,0.0991513257212326,0.045733297346521914
QQQ,2026-05-04,0.007497436782518025,-0.0011464128013194159,0.00864384958383744
VTI,2016-05-31,0.022575978404852204,0.022336878899942403,2.3909950490980103e-4
VTI,2016-06-30,0.0017181864624219207,9.105066031534965e-4,8.076798592684242e-4
VTI,2016-07-29,0.04155669570405831,0.03499043269105408,0.006566263013004232
VTI,2016-08-31,2.8422135595825774e-4,-0.0012199867803522136,0.0015042081363104713
VTI,2016-09-30,-6.962201520817955e-4,-0.0012352137017536324,5.389935496718369e-4
VTI,2016-10-31,-0.022587876000695065,-0.019616837043472765,-0.0029710389572223
VTI,2016-11-30,0.043835826328623026,0.033603545044434316,0.01023228128418871
VTI,2016-12-30,0.018032535564848073,0.01803711129927909,-4.575734431015721e-6
VTI,2017-01-31,0.016597567629443297,0.017726314621062854,-0.0011287469916195572
VTI,2017-02-28,0.038572696894835515,0.03652300073827695,0.0020496961565585614
VTI,2017-03-31,0.007508076270849791,-3.8927289213133893e-4,0.00789734916298113
VTI,2017-04-28,0.009150806358184776,0.0090501324781982,1.006738799865757e-4
VTI,2017-05-31,0.008464387017804496,0.011509759110980618,-0.0030453720931761224
VTI,2017-06-30,0.008161224482618898,0.004802226040503879,0.0033589984421150193
VTI,2017-07-31,0.020387410971583336,0.01916401754710087,0.0012233934244824662
VTI,2017-08-31,7.326665975103737e-4,5.462837796946754e-4,1.8638281781569832e-4
VTI,2017-09-29,0.0235440477001367,0.01911903935235539,0.004425008347781312
VTI,2017-10-31,0.01988980307464953,0.021945560031841664,-0.0020557569571921334
VTI,2017-11-30,0.02694579718054945,0.02769554104663445,-7.497438660849995e-4
VTI,2017-12-29,0.010323264260698364,0.009783614574871227,5.396496858271378e-4
VTI,2018-01-31,0.05132218148408104,0.05465739835832858,-0.0033352168742475374
VTI,2018-02-28,-0.03945872302053892,-0.0397261075980839,2.673845775449796e-4
VTI,2018-03-29,-0.0211306873132093,-0.02725249736693992,0.006121810053730619
VTI,2018-04-30,0.00940460881059273,0.002715085811824473,0.006689522998768257
VTI,2018-05-31,0.02504733459794915,0.021378191183066175,0.003669143414882975
VTI,2018-06-29,0.0033805541764365655,0.004830749386570285,-0.0014501952101337195
VTI,2018-07-31,0.035526137405672634,0.035387950737524286,1.3818666814834762e-4
VTI,2018-08-31,0.03413288152010907,0.029814314524382428,0.004318566995726643
VTI,2018-09-28,0.0018941039084821303,0.004285093286333627,-0.002390989377851497
VTI,2018-10-31,-0.07522489548380708,-0.07192934595429683,-0.00329554952951025
VTI,2018-11-30,0.020006896715302324,0.017701752056117587,0.0023051446591847366
VTI,2018-12-31,-0.09846050184087413,-0.09626521985789901,-0.0021952819829751113
VTI,2019-01-31,0.081207570389097955,0.07574215198675599,0.005465418402341965
VTI,2019-02-28,0.033635650694418144,0.029295553365402384,0.00434009732901576
VTI,2019-03-29,0.01657170614150576,0.017765510890228747,-0.001193804748722986
VTI,2019-04-30,0.04050431117115711,0.03856039741757082,0.001943913753586289
VTI,2019-05-31,-0.06596641633276436,-0.06804089408287398,0.0020744777501096184
VTI,2019-06-28,0.06726683425939906,0.06665830156302614,6.085326963729126e-4
VTI,2019-07-31,0.015203866899957952,0.01304272483370528,0.0021611420662526713
VTI,2019-08-30,-0.023190859176037467,-0.018257281743262237,-0.00493357743277523
VTI,2019-09-30,0.016167777375595528,0.01703525059107193,-8.674732154764012e-4
VTI,2019-10-31,0.023059018839587327,0.020225842153317446,0.002833176686269881
VTI,2019-11-29,0.034407581872418325,0.033480266071378155,9.273158010401697e-4
VTI,2019-12-31,0.02745503613203584,0.028188756298542148,-7.33720166506309e-4
VTI,2020-01-31,-8.941819252628531e-4,-0.0016294196024425806,7.352376771797276e-4
VTI,2020-02-28,-0.08338874621602597,-0.08785953690838776,0.004470790692361781
VTI,2020-03-31,-0.14897022776130686,-0.1336677246703745,-0.015302503090932368
VTI,2020-04-30,0.12430685446019249,0.11942083876017671,0.004886015700015775
VTI,2020-05-29,0.05172095255231029,0.04428653294909693,0.007434419603213359
VTI,2020-06-30,0.020309602588026714,0.018221374356719156,0.0020882282313075574
VTI,2020-07-31,0.05701736648619991,0.053636801634505855,0.003380564851694051
VTI,2020-08-31,0.06876279778097132,0.06771908300435733,0.0010437147766139826
VTI,2020-09-30,-0.034329621530289164,-0.04001811998317809,0.005688498452888928
VTI,2020-10-30,-0.019003284780438893,-0.028055692285554126,0.009052407505115233
VTI,2020-11-30,0.1137329759860021,0.10214642790660017,0.011586548079401932
VTI,2020-12-31,0.04463526247599785,0.03644904784059159,0.00818621463540626
VTI,2021-01-29,-0.005530706534908175,-0.0111991376508885,0.005668431115980326
VTI,2021-02-26,0.03007306178157912,0.02575687667253664,0.00431618510904248
VTI,2021-03-31,0.039946007014717164,0.041562807282546625,-0.0016168002678294616
VTI,2021-04-30,0.04700466675185581,0.05109733046805641,-0.004092663716200602
VTI,2021-05-28,0.0028482358259056505,0.00547149271672327,-0.0026232568908176193
VTI,2021-06-30,0.025745729910979967,0.021970872566122474,0.0037748573448574928
VTI,2021-07-30,0.01949165403606005,0.022493175922251307,-0.003001521886191256
VTI,2021-08-31,0.030522341023320076,0.028578143159792575,0.0019441978635275012
VTI,2021-09-30,-0.04299843746377345,-0.04873779278283316,0.005739355319059711
VTI,2021-10-29,0.0637628577887152,0.0668581752839893,-0.0030953174952740997
VTI,2021-11-30,-0.014799231015930819,-0.008368625655205266,-0.0064306053607255526
VTI,2021-12-31,0.03922954031236703,0.04268864816139665,-0.0034591078490296204
VTI,2022-01-31,-0.06285065688989568,-0.05401822999928342,-0.008832426890612255
VTI,2022-02-28,-0.024081655419479948,-0.03186276102171146,0.007781105602231515
VTI,2022-03-31,0.03329225968221796,0.035148286271522736,-0.0018560265893047753
VTI,2022-04-29,-0.09767106216616508,-0.09206782490742232,-0.00560323725874276
VTI,2022-05-31,-0.00308105982483971,5.3176290760624664e-5,-0.0031342361156003347
VTI,2022-06-30,-0.08811768907405468,-0.08765158180481791,-4.6610726923676515e-4
VTI,2022-07-29,0.09088360871325953,0.08720138468971587,0.003682224023543651
VTI,2022-08-31,-0.03921379945198633,-0.04336703066340545,0.004153231211419119
VTI,2022-09-30,-0.09587680150663465,-0.09804916662099257,0.0021723651143579215
VTI,2022-10-31,0.07801337589717916,0.07683456446885563,0.0011788114283235313
VTI,2022-11-30,0.04959115806163279,0.05235797609764905,-0.0027668180360162567
VTI,2022-12-30,-0.061917216384122696,-0.060781825376668173,-0.0011353910074545226
VTI,2023-01-31,0.0676682334633936,0.05992118183434968,0.007747051629043919
VTI,2023-02-28,-0.025900640493214153,-0.02645947885979313,5.58838366578978e-4
VTI,2023-03-31,0.024471506844865213,0.03445129269826359,-0.009979785853398374
VTI,2023-04-28,0.012343334086006845,0.0145361776495622,-0.002192843563555355
VTI,2023-05-31,0.007078711031489025,0.0024792714332724764,0.004599439598216548
VTI,2023-06-30,0.06777522804748604,0.06271886491464175,0.005056363132844285
VTI,2023-07-31,0.03640438236612783,0.03066395090770391,0.005740431458423918
VTI,2023-08-31,-0.015955416882006173,-0.017875203842993896,0.0019197869609877231
VTI,2023-09-29,-0.04811106389761072,-0.04994616792328207,0.001835104025671351
VTI,2023-10-31,-0.025948097198850453,-0.022224841001403373,-0.0037232561974470807
VTI,2023-11-30,0.08695213523456205,0.0854244482007529,0.0015276870338091497
VTI,2023-12-29,0.05203737217856014,0.04327903543160833,0.008758336746951804
VTI,2024-01-31,0.010190031896321911,0.015770693886425723,-0.005580661990103812
VTI,2024-02-29,0.053385668780350906,0.050427528312771974,0.002958140467578932
VTI,2024-03-28,0.03185890588042959,0.03054742011174303,0.00131148576868656
VTI,2024-04-30,-0.04575104991264161,-0.04250577768147858,-0.0032452722311630267
VTI,2024-05-31,0.043171915240968285,0.04690380530435967,-0.003731890063391384
VTI,2024-06-28,0.028894192267536513,0.03408234323888226,-0.005188150971345749
VTI,2024-07-31,0.018221325407470342,0.011257710402409889,0.006963615005060453
VTI,2024-08-30,0.020903591540076673,0.022577897117514727,-0.0016743055774380532
VTI,2024-09-30,0.02188860561600673,0.019995632287754545,0.001892973328252185
VTI,2024-10-31,-0.014131735185969139,-0.009946041598550177,-0.0041856935874189614
VTI,2024-11-29,0.06651812059789876,0.05571971402949727,0.010798406568401489
VTI,2024-12-31,-0.02987799534439033,-0.02530769218774562,-0.004570303156644709
VTI,2025-01-31,0.02672862112401107,0.02665780641966916,7.081470434191009e-5
VTI,2025-02-28,-0.01795374077349752,-0.014344484648483261,-0.0036092561250142575
VTI,2025-03-31,-0.058777140006361084,-0.059266785380176656,4.896453738155726e-4
VTI,2025-04-30,-0.005736658809561602,-0.007654161847847312,0.0019175030382857098
VTI,2025-05-30,0.05911064663373717,0.05970544763775343,-5.948010040162585e-4
VTI,2025-06-30,0.047313222609313345,0.048415655447618985,-0.0011024328383056406
VTI,2025-07-31,0.0244702039348047,0.021435178792465086,0.0030350251423396125
VTI,2025-08-29,0.022300016409090555,0.018886957507385716,0.0034130589017048393
VTI,2025-09-30,0.034038033000973376,0.03471411909808157,-6.760860971081958e-4
VTI,2025-10-31,0.023279475353042266,0.022433352045496773,8.461233075454933e-4
VTI,2025-11-28,-6.720052472846362e-4,0.001298774393957997,-0.0019707796412426334
VTI,2025-12-31,-2.279943025233503e-4,-5.242718289754783e-4,2.96277526452128e-4
VTI,2026-01-30,0.016832200009875772,0.013570462244289077,0.0032617377655866954
VTI,2026-02-27,-0.0058065342036124155,-0.008706133376068959,0.002899599172456543
VTI,2026-03-31,-0.05143687366757493,-0.05227555661610112,8.386829485261954e-4
VTI,2026-04-30,0.09945797424969213,0.0991513257212326,3.066485284595327e-4
VTI,2026-05-04,-0.002231391873387385,-0.0011464128013194159,-0.0010849790720679692
